{
  "model_metrics": {
    "random_forest": {
      "accuracy": 0.9986842105263158,
      "f1_score": 0.9968652037617555,
      "auc_score": 1.0,
      "cv_f1_mean": 0.9968652037617555,
      "cv_f1_std": 0.0,
      "classification_report": {
        "0.0": {
          "precision": 0.9983361064891847,
          "recall": 1.0,
          "f1-score": 0.9991673605328892,
          "support": 600.0
        },
        "1.0": {
          "precision": 1.0,
          "recall": 0.99375,
          "f1-score": 0.9968652037617555,
          "support": 160.0
        },
        "accuracy": 0.9986842105263158,
        "macro avg": {
          "precision": 0.9991680532445923,
          "recall": 0.996875,
          "f1-score": 0.9980162821473224,
          "support": 760.0
        },
        "weighted avg": {
          "precision": 0.9986863998598826,
          "recall": 0.9986842105263158,
          "f1-score": 0.9986826959494925,
          "support": 760.0
        }
      },
      "training_samples": 3040
    },
    "xgboost": {
      "accuracy": 1.0,
      "f1_score": 1.0,
      "auc_score": 1.0,
      "cv_f1_mean": 0.9976592898832685,
      "cv_f1_std": 0.0031234856055930736,
      "classification_report": {
        "0.0": {
          "precision": 1.0,
          "recall": 1.0,
          "f1-score": 1.0,
          "support": 600.0
        },
        "1.0": {
          "precision": 1.0,
          "recall": 1.0,
          "f1-score": 1.0,
          "support": 160.0
        },
        "accuracy": 1.0,
        "macro avg": {
          "precision": 1.0,
          "recall": 1.0,
          "f1-score": 1.0,
          "support": 760.0
        },
        "weighted avg": {
          "precision": 1.0,
          "recall": 1.0,
          "f1-score": 1.0,
          "support": 760.0
        }
      },
      "training_samples": 3040
    },
    "logistic": {
      "accuracy": 1.0,
      "f1_score": 1.0,
      "auc_score": 1.0,
      "cv_f1_mean": 1.0,
      "cv_f1_std": 0.0,
      "classification_report": {
        "0.0": {
          "precision": 1.0,
          "recall": 1.0,
          "f1-score": 1.0,
          "support": 600.0
        },
        "1.0": {
          "precision": 1.0,
          "recall": 1.0,
          "f1-score": 1.0,
          "support": 160.0
        },
        "accuracy": 1.0,
        "macro avg": {
          "precision": 1.0,
          "recall": 1.0,
          "f1-score": 1.0,
          "support": 760.0
        },
        "weighted avg": {
          "precision": 1.0,
          "recall": 1.0,
          "f1-score": 1.0,
          "support": 760.0
        }
      },
      "training_samples": 3040
    },
    "isolation_forest": {
      "accuracy": 0.8973684210526316,
      "f1_score": 0.7925531914893617,
      "auc_score": 0.5,
      "cv_f1_mean": NaN,
      "cv_f1_std": NaN,
      "classification_report": {
        "0.0": {
          "precision": 0.9797794117647058,
          "recall": 0.8883333333333333,
          "f1-score": 0.9318181818181818,
          "support": 600.0
        },
        "1.0": {
          "precision": 0.6898148148148148,
          "recall": 0.93125,
          "f1-score": 0.7925531914893617,
          "support": 160.0
        },
        "accuracy": 0.8973684210526316,
        "macro avg": {
          "precision": 0.8347971132897603,
          "recall": 0.9097916666666667,
          "f1-score": 0.8621856866537717,
          "support": 760.0
        },
        "weighted avg": {
          "precision": 0.9187342334594656,
          "recall": 0.8973684210526316,
          "f1-score": 0.9024992364857986,
          "support": 760.0
        }
      },
      "training_samples": 3040
    }
  },
  "feature_importance": {
    "random_forest": {
      "transaction_count": 0.09901733058564087,
      "total_received_btc": 0.05523302739281327,
      "total_sent_btc": 0.09261920629362436,
      "current_balance_btc": 0.014146698539300945,
      "average_transaction_value": 0.0,
      "median_transaction_value": 0.0,
      "transaction_value_std": 0.0,
      "min_transaction_value": 0.0,
      "max_transaction_value": 0.0,
      "activity_span_days": 0.0,
      "transactions_per_day": 0.1129692196038233,
      "velocity_btc_per_tx": 0.027449491960263278,
      "turnover_ratio": 0.0,
      "retention_ratio": 0.0,
      "unique_input_addresses": 0.049443484675989156,
      "unique_output_addresses": 0.0779602942786218,
      "input_output_ratio": 0.0,
      "degree_centrality": 0.0,
      "betweenness_centrality": 0.0,
      "closeness_centrality": 0.0,
      "eigenvector_centrality": 0.0,
      "clustering_coefficient": 0.0,
      "average_interval_hours": 0.13000198236234806,
      "median_interval_hours": 0.0,
      "interval_std_hours": 0.0,
      "burst_count": 0.09124386044435619,
      "max_burst_size": 0.0,
      "regularity_score": 0.0,
      "coefficient_of_variation": 0.04105254655887717,
      "input_gini_coefficient": 0.0,
      "output_gini_coefficient": 0.06274431410249812,
      "top_input_concentration": 0.11162557919353383,
      "top_output_concentration": 0.017306035193649226,
      "rapid_movement_count": 0.0,
      "round_amounts_ratio": 0.0171869288146604,
      "mixing_suspicious_score": 0.0,
      "high_fan_out_ratio": 0.0,
      "cluster_size": 0.0,
      "community_modularity": 0.0,
      "transaction_density": 0.0,
      "value_flow_variance": 0.0,
      "address_reuse_frequency": 0.0,
      "output_script_diversity": 0.0,
      "time_concentration_score": 0.0,
      "pagerank_score": 0.0,
      "hits_hub_score": 0.0,
      "hits_authority_score": 0.0,
      "local_clustering_coefficient": 0.0,
      "neighbor_diversity_score": 0.0,
      "transaction_sequence_entropy": 0.0,
      "temporal_motif_count": 0.0,
      "periodic_transaction_score": 0.0,
      "time_of_day_variance": 0.0,
      "weekend_activity_ratio": 0.0,
      "peel_chain_likelihood": 0.0,
      "self_loop_ratio": 0.0,
      "dormancy_periods_count": 0.0,
      "reactivation_pattern_score": 0.0,
      "transaction_size_entropy": 0.0
    },
    "xgboost": {
      "transaction_count": 0.22996589541435242,
      "total_received_btc": 0.11746598035097122,
      "total_sent_btc": 0.15464502573013306,
      "current_balance_btc": 0.005239547695964575,
      "average_transaction_value": 0.0,
      "median_transaction_value": 0.0,
      "transaction_value_std": 0.0,
      "min_transaction_value": 0.0,
      "max_transaction_value": 0.0,
      "activity_span_days": 0.0,
      "transactions_per_day": 0.017087697982788086,
      "velocity_btc_per_tx": 0.007022956386208534,
      "turnover_ratio": 0.0,
      "retention_ratio": 0.0,
      "unique_input_addresses": 0.028490617871284485,
      "unique_output_addresses": 0.13820905983448029,
      "input_output_ratio": 0.0,
      "degree_centrality": 0.0,
      "betweenness_centrality": 0.0,
      "closeness_centrality": 0.0,
      "eigenvector_centrality": 0.0,
      "clustering_coefficient": 0.0,
      "average_interval_hours": 0.21505296230316162,
      "median_interval_hours": 0.0,
      "interval_std_hours": 0.0,
      "burst_count": 0.007056267466396093,
      "max_burst_size": 0.0,
      "regularity_score": 0.0,
      "coefficient_of_variation": 0.0033793654292821884,
      "input_gini_coefficient": 0.0,
      "output_gini_coefficient": 0.07275005429983139,
      "top_input_concentration": 0.0036345880944281816,
      "top_output_concentration": 0.0,
      "rapid_movement_count": 0.0,
      "round_amounts_ratio": 0.0,
      "mixing_suspicious_score": 0.0,
      "high_fan_out_ratio": 0.0,
      "cluster_size": 0.0,
      "community_modularity": 0.0,
      "transaction_density": 0.0,
      "value_flow_variance": 0.0,
      "address_reuse_frequency": 0.0,
      "output_script_diversity": 0.0,
      "time_concentration_score": 0.0,
      "pagerank_score": 0.0,
      "hits_hub_score": 0.0,
      "hits_authority_score": 0.0,
      "local_clustering_coefficient": 0.0,
      "neighbor_diversity_score": 0.0,